{
 "actions": [],
 "allow_rename": 1,
 "creation": "2024-07-16 12:06:12.816652",
 "doctype": "DocType",
 "editable_grid": 1,
 "engine": "InnoDB",
 "field_order": [
  "document_details_section",
  "document_type",
  "column_break_pgvp",
  "document_attachment"
 ],
 "fields": [
  {
   "fieldname": "document_details_section",
   "fieldtype": "Section Break",
   "label": "Document Details"
  },
  {
   "fieldname": "document_type",
   "fieldtype": "Select",
   "in_list_view": 1,
   "label": "Document Type",
   "options": "Bank Details\nCommercial Usage Docs\nMSME Certification or Declaration\nGST Certification or Declaration"
  },
  {
   "fieldname": "document_attachment",
   "fieldtype": "Attach",
   "in_list_view": 1,
   "label": "Document Attachment"
  },
  {
   "fieldname": "column_break_pgvp",
   "fieldtype": "Column Break"
  }
 ],
 "index_web_pages_for_search": 1,
 "istable": 1,
 "links": [],
 "modified": "2024-07-16 12:55:31.625239",
 "modified_by": "Administrator",
 "module": "Branch Initiate",
 "name": "Document Upload",
 "owner": "Administrator",
 "permissions": [],
 "sort_field": "modified",
 "sort_order": "DESC",
 "states": []
}