{
 "actions": [],
 "allow_rename": 1,
 "creation": "2024-07-16 16:47:00.613988",
 "doctype": "DocType",
 "editable_grid": 1,
 "engine": "InnoDB",
 "field_order": [
  "audit_trail_section",
  "step_name",
  "performer_role",
  "performer",
  "datetime",
  "action_name",
  "remark"
 ],
 "fields": [
  {
   "fieldname": "audit_trail_section",
   "fieldtype": "Section Break",
   "label": "Audit Trail"
  },
  {
   "fieldname": "step_name",
   "fieldtype": "Data",
   "in_list_view": 1,
   "label": "Step Name"
  },
  {
   "fieldname": "performer_role",
   "fieldtype": "Data",
   "in_list_view": 1,
   "label": "Performer Role"
  },
  {
   "fieldname": "performer",
   "fieldtype": "Data",
   "in_list_view": 1,
   "label": "Performer"
  },
  {
   "fieldname": "datetime",
   "fieldtype": "Datetime",
   "in_list_view": 1,
   "label": "DateTime"
  },
  {
   "fieldname": "action_name",
   "fieldtype": "Data",
   "in_list_view": 1,
   "label": "Action Name"
  },
  {
   "fieldname": "remark",
   "fieldtype": "Data",
   "in_list_view": 1,
   "label": "Remark"
  }
 ],
 "index_web_pages_for_search": 1,
 "istable": 1,
 "links": [],
 "modified": "2024-07-16 17:02:06.408961",
 "modified_by": "Administrator",
 "module": "Branch Initiate",
 "name": "Branch Opening Audit Trail",
 "owner": "Administrator",
 "permissions": [],
 "sort_field": "modified",
 "sort_order": "DESC",
 "states": []
}