{
 "actions": [],
 "creation": "2024-07-12 16:41:16.420621",
 "doctype": "DocType",
 "editable_grid": 1,
 "engine": "InnoDB",
 "field_order": [
  "premise_details_section",
  "premise_name",
  "security_deposit_amount",
  "column_break_qbvu",
  "description"
 ],
 "fields": [
  {
   "fieldname": "premise_details_section",
   "fieldtype": "Section Break",
   "label": "Premise Details"
  },
  {
   "fieldname": "premise_name",
   "fieldtype": "Data",
   "in_list_view": 1,
   "label": "Premise Name"
  },
  {
   "fieldname": "description",
   "fieldtype": "Small Text",
   "label": "Description"
  },
  {
   "fieldname": "column_break_qbvu",
   "fieldtype": "Column Break"
  },
  {
   "fieldname": "security_deposit_amount",
   "fieldtype": "Int",
   "in_list_view": 1,
   "label": "Security Deposit Amount"
  }
 ],
 "index_web_pages_for_search": 1,
 "istable": 1,
 "links": [],
 "modified": "2024-07-16 15:09:57.080718",
 "modified_by": "Administrator",
 "module": "Branch Initiate",
 "name": "Premises Details Update",
 "owner": "Administrator",
 "permissions": [],
 "sort_field": "modified",
 "sort_order": "DESC",
 "states": []
}